Date/Time,Event,Mode,Flow Rate,Other Info,Column Name,Material,Flow rate,Bed length,Run #,Column 1,Column 2,Solution
8/17/2026 15:48,START,Volume,5 mL/min,,Calgon Carbon F400,Glass beads 100um,Type II water,1wt% NaCl aq.,8,5,R01,S
8/17/2026 16:56,END,Volume,5 mL/min,Dispensed: 111.3904 mL; Duration: 67m 10s,Calgon Carbon F400,Glass beads 100um,Type II water,1wt% NaCl aq.,8,5,R01,S
8/17/2026 17:16,START,Volume,5 mL/min,,Calgon Carbon F400,Glass beads 100um,Type II water,1wt% NaCl aq.,8,5,R01,S
8/17/2026 17:33,START,Volume,5 mL/min,,Calgon Carbon F400,Glass beads 100um,Type II water,1wt% NaCl aq.,8,5,R01,S
8/17/2026 17:40,START,Continuous,5 mL/min,,Calgon Carbon F400,Glass beads 100um,Type II water,1wt% NaCl aq.,8,5,R01,S
8/17/2026 17:50,START,Volume,4.97 mL/min,,Calgon Carbon F400,Glass beads 100um,Type II water,1wt% NaCl aq.,8,5,R01,S
8/17/2026 17:50,END,Volume,4.97 mL/min,Dispensed: 0.0000 mL; Duration: 0m 0s,Calgon Carbon F400,Glass beads 100um,Type II water,1wt% NaCl aq.,8,5,R01,S
8/17/2026 22:08,START,Volume,4 mL/min,,Calgon Carbon F400,Glass beads 100um,Type II water,1wt% NaCl aq.,8,4,R01,S
8/17/2026 22:47,END,Volume,4 mL/min,Dispensed: 159.2246 mL; Duration: 39m 48s,Calgon Carbon F400,Glass beads 100um,Type II water,1wt% NaCl aq.,8,4,R01,S
8/19/2026 17:15,START,Volume,1 mL/min,,Calgon Carbon F400,Glass beads 100um,Type II water,1wt% NaCl aq.,8,1,R01,S
8/19/2026 18:15,END,Volume,1 mL/min,Dispensed: 60.0075 mL; Duration: 60m 9s,Calgon Carbon F400,Glass beads 100um,Type II water,1wt% NaCl aq.,8,1,R01,S
8/19/2026 18:30,START,Volume,5 mL/min,,Calgon Carbon F400,Glass beads 100um,Type II water,1wt% NaCl aq.,8,5,R01,D
8/19/2026 20:30,END,Volume,5 mL/min,Dispensed: 600.0540 mL; Duration: 120m 2s,Calgon Carbon F400,Glass beads 100um,Type II water,1wt% NaCl aq.,8,5,R01,D
8/20/2026 9:49,START,Volume,0.5 mL/min,,Calgon Carbon F400,Glass beads 100um,Type II water,1wt% NaCl aq.,8,0.5,R01,D
8/20/2026 11:49,END,Volume,0.5 mL/min,Dispensed: 60.0075 mL; Duration: 119m 52s,Calgon Carbon F400,Glass beads 100um,Type II water,1wt% NaCl aq.,8,0.5,R01,D
8/20/2026 13:11,START,Volume,2.5 mL/min,,Calgon Carbon F400,Glass beads 100um,Type II water,1wt% NaCl aq.,8,2.5,R01,D
8/20/2026 15:11,END,Volume,2.5 mL/min,Dispensed: 300.0377 mL; Duration: 119m 57s,Calgon Carbon F400,Glass beads 100um,Type II water,1wt% NaCl aq.,8,2.5,R01,D
8/20/2026 17:05,START,Volume,2.5 mL/min,,Calgon Carbon F400,Glass beads 100um,Type II water,1wt% NaCl aq.,8,2.5,R01,D
8/20/2026 17:59,END,Volume,2.5 mL/min,Dispensed: 136.7247 mL; Duration: 54m 40s,Calgon Carbon F400,Glass beads 100um,Type II water,1wt% NaCl aq.,8,2.5,R01,D
8/20/2026 17:59,START,Volume,2.5 mL/min,,Calgon Carbon F400,Glass beads 100um,Type II water,1wt% NaCl aq.,8,2.5,R01,D
8/20/2026 19:59,END,Volume,2.5 mL/min,Dispensed: 300.0376 mL; Duration: 119m 57s,Calgon Carbon F400,Glass beads 100um,Type II water,1wt% NaCl aq.,8,2.5,R01,D
8/20/2026 23:11,START,Volume,1.5 mL/min,,Calgon Carbon F400,Glass beads 100um,Type II water,1wt% NaCl aq.,8,1.5,R01,S
8/20/2026 23:37,END,Volume,1.5 mL/min,Dispensed: 38.1697 mL; Duration: 25m 28s,Calgon Carbon F400,Glass beads 100um,Type II water,1wt% NaCl aq.,8,1.5,R01,S
8/21/2026 1:19,START,Volume,1.5 mL/min,,Calgon Carbon F400,Glass beads 100um,Type II water,1wt% NaCl aq.,8,1.5,R01,S
8/21/2026 1:59,END,Volume,1.5 mL/min,Dispensed: 60.0075 mL; Duration: 40m 2s,Calgon Carbon F400,Glass beads 100um,Type II water,1wt% NaCl aq.,8,1.5,R01,S
8/21/2026 13:48,START,Volume,7.5 mL/min,,Calgon Carbon F400,Glass beads 100um,Type II water,1wt% NaCl aq.,8,7.5,R01,S
8/21/2026 15:04,END,Volume,7.5 mL/min,Dispensed: 567.2866 mL; Duration: 75m 40s,Calgon Carbon F400,Glass beads 100um,Type II water,1wt% NaCl aq.,8,7.5,R01,S
8/21/2026 15:08,START,Volume,7.5 mL/min,,Calgon Carbon F400,Glass beads 100um,Type II water,1wt% NaCl aq.,8,7.5,R01,S
8/21/2026 15:28,END,Volume,7.5 mL/min,Dispensed: 150.0714 mL; Duration: 20m 0s,Calgon Carbon F400,Glass beads 100um,Type II water,1wt% NaCl aq.,8,7.5,R01,S
8/21/2026 15:32,START,Volume,7.5 mL/min,,Calgon Carbon F400,Glass beads 100um,Type II water,1wt% NaCl aq.,8,7.5,R01,S
8/21/2026 16:12,END,Volume,7.5 mL/min,Dispensed: 300.0163 mL; Duration: 40m 0s,Calgon Carbon F400,Glass beads 100um,Type II water,1wt% NaCl aq.,8,7.5,R01,S
8/21/2026 16:46,START,Volume,1.5 mL/min,,Calgon Carbon F400,Glass beads 100um,Type II water,1wt% NaCl aq.,8,1.5,R02,S
8/21/2026 17:26,END,Volume,1.5 mL/min,Dispensed: 60.0075 mL; Duration: 40m 2s,Calgon Carbon F400,Glass beads 100um,Type II water,1wt% NaCl aq.,8,1.5,R02,S
8/21/2026 17:45,START,Volume,7.5 mL/min,,Calgon Carbon F400,Glass beads 100um,Type II water,1wt% NaCl aq.,8,7.5,R02,D
8/21/2026 19:25,END,Volume,7.5 mL/min,Dispensed: 750.0203 mL; Duration: 100m 0s,Calgon Carbon F400,Glass beads 100um,Type II water,1wt% NaCl aq.,8,7.5,R02,D
8/21/2026 19:48,START,Volume,7.5 mL/min,,Calgon Carbon F400,Glass beads 100um,Type II water,1wt% NaCl aq.,8,7.5,R02,D
8/21/2026 20:21,END,Volume,7.5 mL/min,Dispensed: 250.0779 mL; Duration: 33m 20s,Calgon Carbon F400,Glass beads 100um,Type II water,1wt% NaCl aq.,8,7.5,R02,D
8/21/2026 20:56,START,Volume,1 mL/min,,Blank 1,Blank 2,Type II water,1wt% NaCl aq.,,1,R01,S
8/21/2026 21:56,END,Volume,1 mL/min,Dispensed: 60.0075 mL; Duration: 60m 8s,Blank 1,Blank 2,Type II water,1wt% NaCl aq.,,1,R01,S
8/21/2026 22:55,START,Volume,5 mL/min,,Blank 1,Blank 2,Type II water,1wt% NaCl aq.,,5,R01,D
8/22/2026 2:15,END,Volume,5 mL/min,Dispensed: 1000.0128 mL; Duration: 200m 5s,Blank 1,Blank 2,Type II water,1wt% NaCl aq.,,5,R01,D
8/22/2026 20:31,START,Volume,1 mL/min,,Zero water,sPS (75-125um),Type II water,1wt% NaCl aq.,8cm,1,R01,S
8/22/2026 23:02,END,Volume,1 mL/min,Dispensed: 150.0090 mL; Duration: 150m 20s,Zero water,sPS (75-125um),Type II water,1wt% NaCl aq.,8cm,1,R01,S
8/22/2026 23:24,START,Volume,5 mL/min,,Zero water,sPS (75-125um),Type II water,1wt% NaCl aq.,8cm,5,R01,D
8/23/2026 4:24,END,Volume,5 mL/min,Dispensed: 1500.0405 mL; Duration: 300m 7s,Zero water,sPS (75-125um),Type II water,1wt% NaCl aq.,8cm,5,R01,D
8/23/2026 15:12,START,Volume,0.5 mL/min,,Zero water,sPS (75-125um),Type II water,1wt% NaCl aq.,8cm,0.5,R01,S
8/23/2026 18:14,END,Volume,0.5 mL/min,Dispensed: 91.1788 mL; Duration: 182m 6s,Zero water,sPS (75-125um),Type II water,1wt% NaCl aq.,8cm,0.5,R01,S
8/23/2026 18:18,START,Volume,2.5 mL/min,,Zero water,sPS (75-125um),Type II water,1wt% NaCl aq.,8cm,2.5,R01,D
8/24/2026 0:57,END,Volume,2.5 mL/min,Dispensed: 1000.0128 mL; Duration: 399m 51s,Zero water,sPS (75-125um),Type II water,1wt% NaCl aq.,8cm,2.5,R01,D
8/27/2026 22:17,START,Volume,0.20 mL/min,,HDPE (75-125um),iPP (75-125um),Type II water,1wt% NaCl aq.,8cm,0.2,R01,S
8/27/2026 8:20,END,Volume,0.20 mL/min,Dispensed: 120.0151 mL; Duration: 0m 1s,HDPE (75-125um),iPP (75-125um),Type II water,1wt% NaCl aq.,8cm,0.2,R01,S
2026-08-27 14:30:14,START,Volume,1 mL/min,,HDPE (75-125um),iPP (75-125um),Type II water,1wt% NaCl aq.,8cm,1,R01,S
2026-08-28 10:33:00,END,Volume,1 mL/min,Dispensed: 1200.0028 mL; Duration: 1202m 46s,HDPE (75-125um),iPP (75-125um),Type II water,1wt% NaCl aq.,8cm,1,R01,S
2026-08-28 18:27:57,START,Volume,1 mL/min,,HDPE (75-125um),iPP (75-125um),Type II water,1wt% NaCl aq.,8cm,1,R01,S
2026-09-01 16:34:06,START,Volume,0.2 mL/min,,Calgon Carbon F400,Glass beads 100um,Type II water,1wt% NaCl aq.,8cm,0.2,R01,S
2026-09-02 00:57:14,END,Volume,0.2 mL/min,Dispensed: 100.0135 mL; Duration: 503m 8s,Calgon Carbon F400,Glass beads 100um,Type II water,1wt% NaCl aq.,8cm,0.2,R01,S
2026-09-02 13:34:55,START,Volume,5 mL/min,,Calgon Carbon F400,Glass beads 100um,Type II water,1wt% NaCl aq.,8cm,5,R01,S
2026-09-02 13:35:42,START,Volume,5 mL/min,,Calgon Carbon F400,Glass beads 100um,Type II water,1wt% NaCl aq.,8cm,5,R01,S
2026-09-02 13:35:43,END,Volume,5 mL/min,Dispensed: 0.0187 mL; Duration: 0m 0s,Calgon Carbon F400,Glass beads 100um,Type II water,1wt% NaCl aq.,8cm,5,R01,S
2026-09-02 13:35:55,START,Volume,5 mL/min,,Calgon Carbon F400,Glass beads 100um,Type II water,1wt% NaCl aq.,8cm,5,R01,S
2026-09-02 13:35:58,END,Volume,5 mL/min,Dispensed: 0.2023 mL; Duration: 0m 2s,Calgon Carbon F400,Glass beads 100um,Type II water,1wt% NaCl aq.,8cm,5,R01,S
