Date/Time,Event,Mode,Flow Rate,Other Info,Column 1,Column 2,Current liquid,Tracer,Bed length,Flow rate,Run #,(De)Sorption
2026-09-02 13:36:46,START,Volume,5 mL/min,,Calgon Carbon F400,Glass beads 100um,Type II water,1wt% NaCl aq.,8cm,5,R01,S
2026-09-02 13:50:14,END,Volume,5 mL/min,Dispensed: 67.2874 mL; Duration: 13m 27s,Calgon Carbon F400,Glass beads 100um,Type II water,1wt% NaCl aq.,8cm,5,R01,S
2026-09-02 13:50:24,START,Volume,5 mL/min,,Calgon Carbon F400,Glass beads 100um,Type II water,1wt% NaCl aq.,8cm,5,R01,S
2026-09-02 14:30:25,END,Volume,5 mL/min,Dispensed: 200.0443 mL; Duration: 40m 0s,Calgon Carbon F400,Glass beads 100um,Type II water,1wt% NaCl aq.,8cm,5,R01,S
2026-09-02 15:31:36,START,Volume,5 mL/min,,Calgon Carbon F400,Glass beads 100um,Type II water,1wt% NaCl aq.,8cm,5,R01,S
2026-09-02 16:11:37,END,Volume,5 mL/min,Dispensed: 200.0443 mL; Duration: 40m 0s,Calgon Carbon F400,Glass beads 100um,Type II water,1wt% NaCl aq.,8cm,5,R01,S
2026-09-02 16:52:52,START,Volume,0.2 mL/min,,Calgon Carbon F400,Glass beads 100um,Type II water,1wt% NaCl aq.,8cm,0.2,R01,S
2026-09-03 02:56:37,END,Volume,0.2 mL/min,Dispensed: 120.0122 mL; Duration: 603m 45s,Calgon Carbon F400,Glass beads 100um,Type II water,1wt% NaCl aq.,8cm,0.2,R01,S
2026-09-03 15:47:55,START,Volume,1 mL/min,,Calgon Carbon F400,Glass beads 100um,Type II water,1wt% NaCl aq.,8cm,1,R01,D
2026-09-04 11:47:37,END,Volume,1 mL/min,Dispensed: 1200.0133 mL; Duration: 1199m 41s,Calgon Carbon F400,Glass beads 100um,Type II water,1wt% NaCl aq.,8cm,1,R01,D
2026-09-04 13:15:46,START,Volume,10 mL/min,,Calgon Carbon F400,Glass beads 100um,Type II water,1wt% NaCl aq.,8cm,10,R01,S
2026-09-04 13:25:46,END,Volume,10 mL/min,Dispensed: 100.1240 mL; Duration: 10m 0s,Calgon Carbon F400,Glass beads 100um,Type II water,1wt% NaCl aq.,8cm,10,R01,S
2026-09-04 13:46:23,START,Volume,0.5 mL/min,,Calgon Carbon F400,Glass beads 100um,Type II water,1wt% NaCl aq.,8cm,0.5,R01,S
2026-09-04 17:07:15,END,Volume,0.5 mL/min,Dispensed: 100.0121 mL; Duration: 200m 51s,Calgon Carbon F400,Glass beads 100um,Type II water,1wt% NaCl aq.,8cm,0.5,R01,S
2026-09-04 20:39:14,START,Volume,2.5 mL/min,,Calgon Carbon F400,Glass beads 100um,Type II water,1wt% NaCl aq.,8cm,2.5,R02,S
2026-09-05 04:39:20,END,Volume,2.5 mL/min,Dispensed: 1200.0305 mL; Duration: 480m 5s,Calgon Carbon F400,Glass beads 100um,Type II water,1wt% NaCl aq.,8cm,2.5,R02,S
2026-09-05 13:22:13,START,Volume,0.25 mL/min,,Calgon Carbon F400,Glass beads 100um,Type II water,1wt% NaCl aq.,8cm,0.25,R02,S
2026-09-05 20:01:16,END,Volume,0.25 mL/min,Dispensed: 100.0121 mL; Duration: 399m 3s,Calgon Carbon F400,Glass beads 100um,Type II water,1wt% NaCl aq.,8cm,0.25,R02,S
2026-09-05 23:21:03,START,Volume,1 mL/min,,Calgon Carbon F400,Glass beads 100um,Type II water,1wt% NaCl aq.,8cm,1,R02,S
2026-09-06 20:44:06,END,Volume,1 mL/min,Dispensed: 1283.3883 mL; Duration: 1283m 3s,Calgon Carbon F400,Glass beads 100um,Type II water,1wt% NaCl aq.,8cm,1,R02,S
2026-09-06 20:49:11,START,Volume,0.75 mL/min,,Calgon Carbon F400,Glass beads 100um,Type II water,1wt% NaCl aq.,8cm,0.75,R01,S
2026-09-06 23:29:17,END,Volume,0.75 mL/min,Dispensed: 120.0122 mL; Duration: 160m 6s,Calgon Carbon F400,Glass beads 100um,Type II water,1wt% NaCl aq.,8cm,0.75,R01,S
